ID,Expected
155,1
723,1
21,0
1495,0
283,0
234,0
1656,1
1076,0
110,1
938,1
1719,0
1207,1
1241,0
1593,1
899,1
1423,0
900,0
101,0
976,0
954,0
1185,0
873,0
260,0
708,1
1508,0
529,0
455,0
1433,1
459,0
14,0
1671,1
22,1
747,1
390,0
1152,0
215,1
249,1
463,0
185,1
1587,0
1618,1
1188,0
870,1
70,0
1069,1
192,0
37,1
804,1
75,1
588,1
939,1
446,1
587,0
141,0
1301,0
1273,0
574,0
451,0
567,0
725,1
885,1
1023,0
1143,1
1467,1
1411,1
334,1
859,0
889,1
1001,1
1420,0
224,1
713,0
1217,0
1289,0
771,0
15,1
1292,1
797,1
359,0
1381,1
1179,1
1533,1
665,0
1503,1
1549,0
301,0
957,0
966,1
862,0
977,0
1120,1
626,1
505,0
2,1
1401,1
1641,1
1359,1
1032,1
1267,0
1142,0
440,0
43,1
332,1
1572,1
1537,1
386,0
344,0
1236,0
501,0
1193,1
1093,0
1376,1
729,1
1513,1
911,1
1529,0
856,0
1450,1
610,0
730,0
381,0
841,0
429,1
357,0
1213,1
867,0
1695,0
1585,1
1321,0
593,1
1453,1
1266,0
835,0
324,0
634,0
95,0
1250,0
1079,0
800,0
310,1
1172,1
1388,0
1045,0
1679,0
1073,0
1412,1
1634,0
476,0
1138,1
430,1
521,0
766,1
1643,0
791,1
1409,0
271,0
1589,0
888,0
128,1
1146,1
633,0
985,0
1424,0
929,0
722,0
1336,1
1713,0
691,0
445,0
821,0
774,1
151,1
811,0
1570,0
869,0
1520,0
1263,0
303,0
437,0
788,0
1564,1
817,0
1391,0
647,0
517,0
107,1
1008,0
1147,0
522,0
576,0
674,1
373,1
1678,0
1522,1
1456,1
1588,0
1226,1
1155,0
1166,1
1602,0
963,1
786,1
537,1
663,1
1258,1
727,1
840,1
728,1
1096,0
635,1
555,0
230,1
235,1
217,0
547,1
1200,0
246,1
1440,1
1577,0
1325,0
229,0
1326,1
632,0
